﻿doctor_id,name,specialization,department,salary,status,availability,joining_date,qualification,experience_years,phone,email,Img
D001,Dr. Aditya Gupta,Cardiologist,Cardiology,150000,Active,Available,01/06/2015,MD,12,9876543210,aditya.gupta@hospital.com,https://i.ibb.co/r2Vyh5MX/Dr-6.jpg
D002,Dr. Neha Verma,Neurologist,Neurology,145000,Active,Available,15/07/2016,MD,10,8765432109,neha.verma@hospital.com,https://i.ibb.co/jkYD4jsY/DR-5-1.jpg
D003,Dr. Rajesh Kumar,Orthopedic Surgeon,Orthopedics,140000,Active,On Leave,20/08/2015,MS,11,7654321098,rajesh.kumar@hospital.com,https://i.ibb.co/8D1NnQFm/DR-5.jpg
D004,Dr. Priya Sharma,Gynecologist,Gynecology,135000,Active,Available,10/01/2017,MBBS,8,6543210987,priya.sharma@hospital.com,https://i.ibb.co/bjnbLqRw/DR-4.jpg
D005,Dr. Vikram Singh,Pediatrician,Pediatrics,130000,Active,Available,05/03/2016,MD (Pediatrics),9,9867453732,vikram.singh@hospital.com,https://i.ibb.co/gFzShn7G/DR-3.jpg
D006,Dr. Anita Patel,Dermatologist,Dermatology,125000,Active,Available,15/02/2018,MD (Dermatology),7,9843526177,anita.patel@hospital.com,https://i.ibb.co/7NQdkhRx/DR-2.jpg
D007,Dr. Suresh Nair,Gastroenterologist,Gastroenterology,155000,Active,On Leave,20/05/2014,MD,13,3210987654,suresh.nair@hospital.com,https://i.ibb.co/5g6N8dwD/DR-1.jpg
D008,Dr. Kavita Menon,Ophthalmologist,Ophthalmology,120000,Active,Available,10/04/2019,MS (Ophthalmology),6,9807564231,kavita.menon@hospital.com,https://i.ibb.co/r2Vyh5MX/Dr-6.jpg
D009,Dr. Deepak Joshi,ENT Specialist,ENT,115000,Active,Available,25/06/2020,MS (ENT),5,8877943520,deepak.joshi@hospital.com,https://i.ibb.co/jkYD4jsY/DR-5-1.jpg
D010,Dr. Meera Reddy,Psychiatrist,Psychiatry,130000,Active,Available,15/08/2017,MD (Psychiatry),8,6567879709,meera.reddy@hospital.com,https://i.ibb.co/8D1NnQFm/DR-5.jpg
D011,Dr. Sanjay Malhotra,Urologist,Urology,145000,Active,Available,30/09/2015,MS,11,8765432119,sanjay.malhotra@hospital.com,https://i.ibb.co/bjnbLqRw/DR-4.jpg
D012,Dr. Pooja Das,Endocrinologist,Endocrinology,140000,Active,On Leave,20/11/2016,MD,10,7654321108,pooja.das@hospital.com,https://i.ibb.co/gFzShn7G/DR-3.jpg
D013,Dr. Amit Khanna,Nephrologist,Nephrology,150000,Active,Available,15/10/2014,MD,12,6543210997,amit.khanna@hospital.com,https://i.ibb.co/7NQdkhRx/DR-2.jpg
D014,Dr. Sonali Bhatia,Pulmonologist,Pulmonology,135000,Active,Available,05/05/2017,MD (Pulmonology),8,9876125340,sonali.bhatia@hospital.com,https://i.ibb.co/5g6N8dwD/DR-1.jpg
D015,Dr. Ravi Mehta,Oncologist,Oncology,160000,Active,Available,10/03/2013,MD,14,4321098775,ravi.mehta@hospital.com,https://i.ibb.co/5g6N8dwD/DR-1.jpg
